atomic_number,symbol,name,atomic_mass,group,period,block,category,electronegativity,covalent_radius_pm,vdw_radius_pm,electron_configuration,melting_point_k,boiling_point_k,density_g_cm3
1,H,Hydrogen,1.008,1,1,s,Nonmetals,2.2,32,120,1s,13.99,20.27,8.2e-05
2,He,Helium,4.002602,18,1,s,Noble gases,,46,143,1s2,,4.22,0.000164
3,Li,Lithium,6.94,1,2,s,Alkali metals,0.98,133,212,[He] 2s,453.65,1615.15,0.534
4,Be,Beryllium,9.012183,2,2,s,Alkaline earth metals,1.57,102,198,[He] 2s2,1560.15,2741.15,1.85
5,B,Boron,10.81,13,2,p,Metalloids,2.04,85,191,[He] 2s2 2p,2350.15,4273.15,2.34
6,C,Carbon,12.011,14,2,p,Nonmetals,2.55,75,177,[He] 2s2 2p2,,4098.15,2.2
7,N,Nitrogen,14.007,15,2,p,Nonmetals,3.04,71,166,[He] 2s2 2p3,63.15,77.35,0.001145
8,O,Oxygen,15.999,16,2,p,Nonmetals,3.44,63,150,[He] 2s2 2p4,54.36,90.19,0.001308
9,F,Fluorine,18.998403,17,2,p,Halogens,3.98,64,146,[He] 2s2 2p5,53.48,85.04,0.001553
10,Ne,Neon,20.1797,18,2,p,Noble gases,,67,158,[He] 2s2 2p6,24.56,27.1,0.000825
11,Na,Sodium,22.989769,1,3,s,Alkali metals,0.93,155,250,[Ne] 3s,370.94,1156.09,0.97
12,Mg,Magnesium,24.305,2,3,s,Alkaline earth metals,1.31,139,251,[Ne] 3s2,923.15,1363.15,1.74
13,Al,Aluminum,26.981538,13,3,p,Poor metals,1.61,126,225,[Ne] 3s2 3p,933.47,2792.15,2.7
14,Si,Silicon,28.085,14,3,p,Metalloids,1.9,116,219,[Ne] 3s2 3p2,1687.15,3538.15,2.3296
15,P,Phosphorus,30.973762,15,3,p,Nonmetals,2.19,111,190,[Ne] 3s2 3p3,,,1.823
16,S,Sulfur,32.06,16,3,p,Nonmetals,2.58,103,189,[Ne] 3s2 3p4,,717.76,2.07
17,Cl,Chlorine,35.45,17,3,p,Halogens,3.16,99,182,[Ne] 3s2 3p5,171.65,239.11,0.002898
18,Ar,Argon,39.948,18,3,p,Noble gases,,96,194,[Ne] 3s2 3p6,83.81,87.3,0.001633
19,K,Potassium,39.0983,1,4,s,Alkali metals,0.82,196,273,[Ar] 4s,336.65,1032.15,0.89
20,Ca,Calcium,40.078,2,4,s,Alkaline earth metals,1.0,171,262,[Ar] 4s2,1115.15,1757.15,1.54
21,Sc,Scandium,44.955908,3,4,d,Transition metals,1.36,148,258,[Ar] 3d 4s2,1814.15,3109.15,2.99
22,Ti,Titanium,47.867,4,4,d,Transition metals,1.54,136,246,[Ar] 3d2 4s2,1943.15,3560.15,4.506
23,V,Vanadium,50.9415,5,4,d,Transition metals,1.63,134,242,[Ar] 3d3 4s2,2183.15,3680.15,6
24,Cr,Chromium,51.9961,6,4,d,Transition metals,1.66,122,245,[Ar] 3d5 4s,2180.15,2944.15,7.15
25,Mn,Manganese,54.938044,7,4,d,Transition metals,1.55,119,245,[Ar] 3d5 4s2,1519.15,2334.15,7.3
26,Fe,Iron,55.845,8,4,d,Transition metals,1.83,116,244,[Ar] 3d6 4s2,1811.15,3134.15,7.87
27,Co,Cobalt,58.933194,9,4,d,Transition metals,1.88,111,240,[Ar] 3d7 4s2,1768.15,3200.15,8.86
28,Ni,Nickel,58.6934,10,4,d,Transition metals,1.91,110,240,[Ar] 3d8 4s2,1728.15,3186.15,8.9
29,Cu,Copper,63.546,11,4,d,Transition metals,1.9,112,238,[Ar] 3d10 4s,1357.77,2833.15,8.96
30,Zn,Zinc,65.38,12,4,d,Transition metals,1.65,118,239,[Ar] 3d10 4s2,692.68,1180.15,7.134
31,Ga,Gallium,69.723,13,4,p,Poor metals,1.81,124,232,[Ar] 3d10 4s2 4p,302.91,2502.15,5.91
32,Ge,Germanium,72.63,14,4,p,Metalloids,2.01,121,229,[Ar] 3d10 4s2 4p2,1211.4,3106.15,5.3234
33,As,Arsenic,74.921595,15,4,p,Metalloids,2.18,121,188,[Ar] 3d10 4s2 4p3,1090.15,889.15,5.75
34,Se,Selenium,78.971,16,4,p,Nonmetals,2.55,116,182,[Ar] 3d10 4s2 4p4,,958.15,4.809
35,Br,Bromine,79.904,17,4,p,Halogens,2.96,114,186,[Ar] 3d10 4s2 4p5,265.95,331.95,3.1028
36,Kr,Krypton,83.798,18,4,p,Noble gases,,117,207,[Ar] 3d10 4s2 4p6,115.78,119.73,0.003425
37,Rb,Rubidium,85.4678,1,5,s,Alkali metals,0.82,210,321,[Kr] 5s,312.45,961.15,1.53
38,Sr,Strontium,87.62,2,5,s,Alkaline earth metals,0.95,185,284,[Kr] 5s2,1050.15,1650.15,2.64
39,Y,Yttrium,88.90584,3,5,d,Transition metals,1.22,163,275,[Kr] 4d 5s2,1795.15,3618.15,4.47
40,Zr,Zirconium,91.224,4,5,d,Transition metals,1.33,154,252,[Kr] 4d2 5s2,2127.15,4679.15,6.52
41,Nb,Niobium,92.90637,5,5,d,Transition metals,1.6,147,256,[Kr] 4d4 5s,2750.15,5014.15,8.57
42,Mo,Molybdenum,95.95,6,5,d,Transition metals,2.16,138,245,[Kr] 4d5 5s,2895.15,4912.15,10.2
43,Tc,Technetium,97.90721,7,5,d,Transition metals,2.1,128,244,[Kr] 4d5 5s2,2430.15,4535.15,11
44,Ru,Ruthenium,101.07,8,5,d,Transition metals,2.2,125,246,[Kr] 4d7 5s,2606.15,4420.15,12.1
45,Rh,Rhodium,102.9055,9,5,d,Transition metals,2.28,125,244,[Kr] 4d8 5s,2236.15,3968.15,12.4
46,Pd,Palladium,106.42,10,5,d,Transition metals,2.2,120,215,[Kr] 4d10,1827.95,3236.15,12
47,Ag,Silver,107.8682,11,5,d,Transition metals,1.93,128,253,[Kr] 4d10 5s,1234.93,2435.15,10.5
48,Cd,Cadmium,112.414,12,5,d,Transition metals,1.69,136,249,[Kr] 4d10 5s2,594.22,1040.15,8.69
49,In,Indium,114.818,13,5,p,Poor metals,1.78,142,243,[Kr] 4d10 5s2 5p,429.75,2300.15,7.31
50,Sn,Tin,118.71,14,5,p,Poor metals,1.96,140,242,[Kr] 4d10 5s2 5p2,,2859.15,7.287
51,Sb,Antimony,121.76,15,5,p,Metalloids,2.05,140,247,[Kr] 4d10 5s2 5p3,903.78,1860.15,6.68
52,Te,Tellurium,127.6,16,5,p,Metalloids,2.1,136,199,[Kr] 4d10 5s2 5p4,722.66,1261.15,6.232
53,I,Iodine,126.90447,17,5,p,Halogens,2.66,133,204,[Kr] 4d10 5s2 5p5,386.85,457.55,4.933
54,Xe,Xenon,131.293,18,5,p,Noble gases,2.6,131,228,[Kr] 4d10 5s2 5p6,161.4,165.05,0.005366
55,Cs,Cesium,132.905452,1,6,s,Alkali metals,0.79,232,348,[Xe] 6s,301.65,944.15,1.873
56,Ba,Barium,137.327,2,6,s,Alkaline earth metals,0.89,196,303,[Xe] 6s2,1000.15,2118.15,3.62
57,La,Lanthanum,138.90547,3,6,d,Lanthanides,1.1,180,298,[Xe] 5d 6s2,1193.15,3737.15,6.15
58,Ce,Cerium,140.116,,6,f,Lanthanides,1.12,163,288,[Xe] 4f 5d 6s2,1072.15,3716.15,6.77
59,Pr,Praseodymium,140.90766,,6,f,Lanthanides,1.13,176,292,[Xe] 4f3 6s2,1204.15,3793.15,6.773
60,Nd,Neodymium,144.242,,6,f,Lanthanides,1.14,174,295,[Xe] 4f4 6s2,1289.15,3347.15,7.01
61,Pm,Promethium,144.91276,,6,f,Lanthanides,,173,,[Xe] 4f5 6s2,1315.15,,7.26
62,Sm,Samarium,150.36,,6,f,Lanthanides,1.17,172,290,[Xe] 4f6 6s2,1345.15,2067.15,7.52
63,Eu,Europium,151.964,,6,f,Lanthanides,,168,287,[Xe] 4f7 6s2,1095.15,1802.15,5.24
64,Gd,Gadolinium,157.25,,6,f,Lanthanides,1.2,169,283,[Xe] 4f7 5d 6s2,1586.15,3546.15,7.9
65,Tb,Terbium,158.92535,,6,f,Lanthanides,,168,279,[Xe] 4f9 6s2,1632.15,3503.15,8.23
66,Dy,Dysprosium,162.5,,6,f,Lanthanides,1.22,167,287,[Xe] 4f10 6s2,1685.15,2840.15,8.55
67,Ho,Holmium,164.93033,,6,f,Lanthanides,1.23,166,281,[Xe] 4f11 6s2,1745.15,2973.15,8.8
68,Er,Erbium,167.259,,6,f,Lanthanides,1.24,165,283,[Xe] 4f12 6s2,1802.15,3141.15,9.07
69,Tm,Thulium,168.93422,,6,f,Lanthanides,1.25,164,279,[Xe] 4f13 6s2,1818.15,2223.15,9.321
70,Yb,Ytterbium,173.045,,6,f,Lanthanides,,170,280,[Xe] 4f14 6s2,1097.15,1469.15,6.9
71,Lu,Lutetium,174.9668,,6,f,Transition metals,1.0,162,274,[Xe] 4f14 5d 6s2,1936.15,3675.15,9.84
72,Hf,Hafnium,178.49,4,6,d,Transition metals,1.3,152,263,[Xe] 4f14 5d2 6s2,2506.15,4873.15,13.3
73,Ta,Tantalum,180.94788,5,6,d,Transition metals,1.5,146,253,[Xe] 4f14 5d3 6s2,3290.15,5728.15,16.4
74,W,Tungsten,183.84,6,6,d,Transition metals,1.7,137,257,[Xe] 4f14 5d4 6s2,3687.15,5828.15,19.3
75,Re,Rhenium,186.207,7,6,d,Transition metals,1.9,131,249,[Xe] 4f14 5d5 6s2,3458.15,5863.15,20.8
76,Os,Osmium,190.23,8,6,d,Transition metals,2.2,129,248,[Xe] 4f14 5d6 6s2,3306.15,5281.15,22.5872
77,Ir,Iridium,192.217,9,6,d,Transition metals,2.2,122,241,[Xe] 4f14 5d7 6s2,2719.15,4701.15,22.5622
78,Pt,Platinum,195.084,10,6,d,Transition metals,2.2,123,229,[Xe] 4f14 5d9 6s,2041.35,4098.15,21.5
79,Au,Gold,196.966569,11,6,d,Transition metals,2.4,124,232,[Xe] 4f14 5d10 6s,1337.33,3109.15,19.3
80,Hg,Mercury,200.592,12,6,d,Transition metals,1.9,133,245,[Xe] 4f14 5d10 6s2,234.32,629.77,13.5336
81,Tl,Thallium,204.38,13,6,p,Poor metals,1.8,144,247,[Xe] 4f14 5d10 6s2 6p,577.15,1746.15,11.8
82,Pb,Lead,207.2,14,6,p,Poor metals,1.8,144,260,[Xe] 4f14 5d10 6s2 6p2,600.61,2022.15,11.3
83,Bi,Bismuth,208.9804,15,6,p,Poor metals,1.9,151,254,[Xe] 4f14 5d10 6s2 6p3,544.55,1837.15,9.79
84,Po,Polonium,209.0,16,6,p,Metalloids,2.0,145,,[Xe] 4f14 5d10 6s2 6p4,527.15,1235.15,9.2
85,At,Astatine,210.0,17,6,p,Halogens,2.2,147,,[Xe] 4f14 5d10 6s2 6p5,575.15,,7
86,Rn,Radon,222.0,18,6,p,Noble gases,,142,240,[Xe] 4f14 5d10 6s2 6p6,202.15,211.45,0.009074
87,Fr,Francium,223.0,1,7,s,Alkali metals,0.7,223,,[Rn] 7s,294.15,,1.87
88,Ra,Radium,226.0,2,7,s,Alkaline earth metals,0.9,201,,[Rn] 7s2,969.15,,5
89,Ac,Actinium,227.0,3,7,d,Actinides,1.1,186,280,[Rn] 6d 7s2,1323.15,3473.15,10
90,Th,Thorium,232.0377,,7,f,Actinides,1.3,175,293,[Rn] 6d2 7s2,2023.15,5058.15,11.7
91,Pa,Protactinium,231.03588,,7,f,Actinides,1.5,169,288,[Rn] 5f2 6d 7s2,1845.15,,15.4
92,U,Uranium,238.02891,,7,f,Actinides,1.7,170,271,[Rn] 5f3 6d 7s2,1408.15,4404.15,19.1
93,Np,Neptunium,237.0,,7,f,Actinides,1.3,171,282,[Rn] 5f4 6d 7s2,917.15,,20.2
94,Pu,Plutonium,244.0,,7,f,Actinides,1.3,172,281,[Rn] 5f6 7s2,913.15,3501.15,19.7
95,Am,Americium,243.0,,7,f,Actinides,,166,283,[Rn] 5f7 7s2,1449.15,,12
96,Cm,Curium,247.0,,7,f,Actinides,,166,305,[Rn] 5f7 6d 7s2,1618.15,,13.51
97,Bk,Berkelium,247.0,,7,f,Actinides,,168,340,[Rn] 5f9 7s2,1259.15,,14.78
98,Cf,Californium,251.0,,7,f,Actinides,,168,305,[Rn] 5f10 7s2,1173.15,,15.1
99,Es,Einsteinium,252.0,,7,f,Actinides,,165,270,[Rn] 5f11 7s2,1133.15,,8.84
100,Fm,Fermium,257.0,,7,f,Actinides,,167,,[Rn] 5f12 7s2,1800.15,,9.7
101,Md,Mendelevium,258.0,,7,f,Actinides,,173,,[Rn] 5f13 7s2,1100.15,,10.3
102,No,Nobelium,259.0,,7,f,Actinides,,176,,[Rn] 5f14 7s2,1100.15,,9.9
103,Lr,Lawrencium,262.0,,7,f,Transition metals,,161,,[Rn] 5f14 7s2 7p1,1900.15,,15.6
104,Rf,Rutherfordium,267.0,4,7,d,Transition metals,,157,,[Rn] 5f14 6d2 7s2,,,23.3
105,Db,Dubnium,268.0,5,7,d,Transition metals,,149,,[Rn] 5f14 6d3 7s2,,,29.3
106,Sg,Seaborgium,271.0,6,7,d,Transition metals,,143,,[Rn] 5f14 6d4 7s2,,,35
107,Bh,Bohrium,274.0,7,7,d,Transition metals,,141,,[Rn] 5f14 6d5 7s2,,,37.1
108,Hs,Hassium,269.0,8,7,d,Transition metals,,134,,[Rn] 5f14 6d6 7s2,,,40.7
109,Mt,Meitnerium,276.0,9,7,d,Transition metals,,129,,[Rn] 5f14 6d7 7s2,,,37.4
110,Ds,Darmstadtium,281.0,10,7,d,Transition metals,,128,,[Rn] 5f14 6d9 7s1,,,34.8
111,Rg,Roentgenium,281.0,11,7,d,Transition metals,,121,,[Rn] 5f14 6d10 7s1,,,28.7
112,Cn,Copernicium,285.0,12,7,d,Transition metals,,122,,[Rn] 5f14 6d10 7s2,,,14
113,Nh,Nihonium,286.0,13,7,p,Poor metals,,136,,[Rn] 5f14 6d10 7s2 7p1,,,16
114,Fl,Flerovium,289.0,14,7,p,Poor metals,,143,,[Rn] 5f14 6d10 7s2 7p2,,,9.928
115,Mc,Moscovium,288.0,15,7,p,Poor metals,,162,,[Rn] 5f14 6d10 7s2 7p3,,,13.5
116,Lv,Livermorium,293.0,16,7,p,Poor metals,,175,,[Rn] 5f14 6d10 7s2 7p4,,,12.9
117,Ts,Tennessine,294.0,17,7,p,Halogens,,165,,[Rn] 5f14 6d10 7s2 7p5,,,7.2
118,Og,Oganesson,294.0,18,7,p,Noble gases,,157,,[Rn] 5f14 6d10 7s2 7p6,,,7
